Country,Australia,China,United States,Yemen,Singapore,Italy
2019,7.228,5.191,6.892,3.38,6.262,6.223
2018,7.272,5.246,6.886,3.355,6.343,6
2017,7.28399992,5.272999763,6.993000031,3.592999935,6.572000027,5.964000225
2016,7.313,5.245,7.104,3.724,6.739,5.977
2015,7.284,5.14,7.119,4.077,6.798,5.948
